,A,R,N,D,C,Q,E,G,H,I,L,K,M,F,P,S,T,W,Y,V
A,17,-8,5,3,0,-8,-8,-8,17,4,-8,1,-8,17,-8,-8,17,17,4,2
R,-8,-8,-8,-8,-4,-8,-2,8,-8,-4,-8,-3,-8,-8,-8,-8,-8,7,15,10
N,5,-8,-1,-8,-4,-1,-8,-8,5,-8,-8,-5,-8,-8,-8,-8,-8,2,6,-7
D,3,-8,-8,12,0,-2,-8,-3,17,0,-8,-2,-8,17,17,17,17,12,13,17
C,0,-4,-4,0,17,-6,6,-7,-4,2,-4,1,-5,-2,-8,17,-7,-4,-3,-1
Q,-8,-8,-1,-2,-6,5,-8,-8,-6,-8,-8,-7,-4,-8,-8,-8,-6,-8,14,-7
E,-8,-2,-8,-8,6,-8,-8,14,3,-3,-6,5,-8,-6,-8,-8,-8,-8,-8,-8
G,-8,8,-8,-3,-7,-8,14,8,-8,-3,-8,15,0,17,-8,-8,-8,17,5,17
H,17,-8,5,17,-4,-6,3,-8,16,16,17,-3,1,-4,-4,-8,-7,4,5,17
I,4,-4,-8,0,2,-8,-3,-3,16,2,-8,17,-8,17,10,-8,-8,-6,-6,6
L,-8,-8,-8,-8,-4,-8,-6,-8,17,-8,-8,-8,-8,-8,-8,-8,-8,-8,-8,-8
K,1,-3,-5,-2,1,-7,5,15,-3,17,-8,11,-8,17,17,3,7,17,-8,3
M,-8,-8,-8,-8,-5,-4,-8,0,1,-8,-8,-8,8,-8,-8,-8,-8,-7,-8,16
F,17,-8,-8,17,-2,-8,-6,17,-4,17,-8,17,-8,17,17,-8,17,17,7,17
P,-8,-8,-8,17,-8,-8,-8,-8,-4,10,-8,17,-8,17,-8,-8,-8,-5,-8,16
S,-8,-8,-8,17,17,-8,-8,-8,-8,-8,-8,3,-8,-8,-8,-8,-8,-8,-8,17
T,17,-8,-8,17,-7,-6,-8,-8,-7,-8,-8,7,-8,17,-8,-8,-8,17,17,17
W,17,7,2,12,-4,-8,-8,17,4,-6,-8,17,-7,17,-5,-8,17,13,17,10
Y,4,15,6,13,-3,14,-8,5,5,-6,-8,-8,-8,7,-8,-8,17,17,8,2
V,2,10,-7,17,-1,-7,-8,17,17,6,-8,3,16,17,16,17,17,10,2,6
